service,location,recommended,reason
digital marketing consultant,Bengaluru,dedicated_page,"Home market. Real proximity signal, and there is genuinely city-specific work to point at."
seo consultant,Bengaluru,dedicated_page,"Home market. Real proximity signal, and there is genuinely city-specific work to point at."
performance marketing consultant,Bengaluru,dedicated_page,"Home market. Real proximity signal, and there is genuinely city-specific work to point at."
google ads expert,Bengaluru,dedicated_page,"Home market. Real proximity signal, and there is genuinely city-specific work to point at."
meta ads expert,Bengaluru,dedicated_page,"Home market. Real proximity signal, and there is genuinely city-specific work to point at."
social media marketing consultant,Bengaluru,dedicated_page,"Home market. Real proximity signal, and there is genuinely city-specific work to point at."
content marketing consultant,Bengaluru,dedicated_page,"Home market. Real proximity signal, and there is genuinely city-specific work to point at."
lead generation consultant,Bengaluru,dedicated_page,"Home market. Real proximity signal, and there is genuinely city-specific work to point at."
local seo services,Bengaluru,dedicated_page,"Home market. Real proximity signal, and there is genuinely city-specific work to point at."
digital marketing consultant,Mumbai,dedicated_page,One hub page per city. Organic only. No GBP listing without a real address there.
seo consultant,Mumbai,mention_only,Doorway risk. Covered by the city hub page plus the national service page. Nothing city-specific to say about this service here.
performance marketing consultant,Mumbai,mention_only,Doorway risk. Covered by the city hub page plus the national service page. Nothing city-specific to say about this service here.
google ads expert,Mumbai,mention_only,Doorway risk. Covered by the city hub page plus the national service page. Nothing city-specific to say about this service here.
meta ads expert,Mumbai,mention_only,Doorway risk. Covered by the city hub page plus the national service page. Nothing city-specific to say about this service here.
social media marketing consultant,Mumbai,mention_only,Doorway risk. Covered by the city hub page plus the national service page. Nothing city-specific to say about this service here.
content marketing consultant,Mumbai,mention_only,Doorway risk. Covered by the city hub page plus the national service page. Nothing city-specific to say about this service here.
lead generation consultant,Mumbai,mention_only,Doorway risk. Covered by the city hub page plus the national service page. Nothing city-specific to say about this service here.
local seo services,Mumbai,mention_only,Doorway risk. Covered by the city hub page plus the national service page. Nothing city-specific to say about this service here.
digital marketing consultant,Delhi NCR,dedicated_page,One hub page per city. Organic only. No GBP listing without a real address there.
seo consultant,Delhi NCR,mention_only,Doorway risk. Covered by the city hub page plus the national service page. Nothing city-specific to say about this service here.
performance marketing consultant,Delhi NCR,mention_only,Doorway risk. Covered by the city hub page plus the national service page. Nothing city-specific to say about this service here.
google ads expert,Delhi NCR,mention_only,Doorway risk. Covered by the city hub page plus the national service page. Nothing city-specific to say about this service here.
meta ads expert,Delhi NCR,mention_only,Doorway risk. Covered by the city hub page plus the national service page. Nothing city-specific to say about this service here.
social media marketing consultant,Delhi NCR,mention_only,Doorway risk. Covered by the city hub page plus the national service page. Nothing city-specific to say about this service here.
content marketing consultant,Delhi NCR,mention_only,Doorway risk. Covered by the city hub page plus the national service page. Nothing city-specific to say about this service here.
lead generation consultant,Delhi NCR,mention_only,Doorway risk. Covered by the city hub page plus the national service page. Nothing city-specific to say about this service here.
local seo services,Delhi NCR,mention_only,Doorway risk. Covered by the city hub page plus the national service page. Nothing city-specific to say about this service here.
digital marketing consultant,Gurgaon,dedicated_page,One hub page per city. Organic only. No GBP listing without a real address there.
seo consultant,Gurgaon,mention_only,Doorway risk. Covered by the city hub page plus the national service page. Nothing city-specific to say about this service here.
performance marketing consultant,Gurgaon,mention_only,Doorway risk. Covered by the city hub page plus the national service page. Nothing city-specific to say about this service here.
google ads expert,Gurgaon,mention_only,Doorway risk. Covered by the city hub page plus the national service page. Nothing city-specific to say about this service here.
meta ads expert,Gurgaon,mention_only,Doorway risk. Covered by the city hub page plus the national service page. Nothing city-specific to say about this service here.
social media marketing consultant,Gurgaon,mention_only,Doorway risk. Covered by the city hub page plus the national service page. Nothing city-specific to say about this service here.
content marketing consultant,Gurgaon,mention_only,Doorway risk. Covered by the city hub page plus the national service page. Nothing city-specific to say about this service here.
lead generation consultant,Gurgaon,mention_only,Doorway risk. Covered by the city hub page plus the national service page. Nothing city-specific to say about this service here.
local seo services,Gurgaon,mention_only,Doorway risk. Covered by the city hub page plus the national service page. Nothing city-specific to say about this service here.
digital marketing consultant,Noida,dedicated_page,One hub page per city. Organic only. No GBP listing without a real address there.
seo consultant,Noida,mention_only,Doorway risk. Covered by the city hub page plus the national service page. Nothing city-specific to say about this service here.
performance marketing consultant,Noida,mention_only,Doorway risk. Covered by the city hub page plus the national service page. Nothing city-specific to say about this service here.
google ads expert,Noida,mention_only,Doorway risk. Covered by the city hub page plus the national service page. Nothing city-specific to say about this service here.
meta ads expert,Noida,mention_only,Doorway risk. Covered by the city hub page plus the national service page. Nothing city-specific to say about this service here.
social media marketing consultant,Noida,mention_only,Doorway risk. Covered by the city hub page plus the national service page. Nothing city-specific to say about this service here.
content marketing consultant,Noida,mention_only,Doorway risk. Covered by the city hub page plus the national service page. Nothing city-specific to say about this service here.
lead generation consultant,Noida,mention_only,Doorway risk. Covered by the city hub page plus the national service page. Nothing city-specific to say about this service here.
local seo services,Noida,mention_only,Doorway risk. Covered by the city hub page plus the national service page. Nothing city-specific to say about this service here.
digital marketing consultant,Hyderabad,dedicated_page,One hub page per city. Organic only. No GBP listing without a real address there.
seo consultant,Hyderabad,mention_only,Doorway risk. Covered by the city hub page plus the national service page. Nothing city-specific to say about this service here.
performance marketing consultant,Hyderabad,mention_only,Doorway risk. Covered by the city hub page plus the national service page. Nothing city-specific to say about this service here.
google ads expert,Hyderabad,mention_only,Doorway risk. Covered by the city hub page plus the national service page. Nothing city-specific to say about this service here.
meta ads expert,Hyderabad,mention_only,Doorway risk. Covered by the city hub page plus the national service page. Nothing city-specific to say about this service here.
social media marketing consultant,Hyderabad,mention_only,Doorway risk. Covered by the city hub page plus the national service page. Nothing city-specific to say about this service here.
content marketing consultant,Hyderabad,mention_only,Doorway risk. Covered by the city hub page plus the national service page. Nothing city-specific to say about this service here.
lead generation consultant,Hyderabad,mention_only,Doorway risk. Covered by the city hub page plus the national service page. Nothing city-specific to say about this service here.
local seo services,Hyderabad,mention_only,Doorway risk. Covered by the city hub page plus the national service page. Nothing city-specific to say about this service here.
digital marketing consultant,Chennai,dedicated_page,One hub page per city. Organic only. No GBP listing without a real address there.
seo consultant,Chennai,mention_only,Doorway risk. Covered by the city hub page plus the national service page. Nothing city-specific to say about this service here.
performance marketing consultant,Chennai,mention_only,Doorway risk. Covered by the city hub page plus the national service page. Nothing city-specific to say about this service here.
google ads expert,Chennai,mention_only,Doorway risk. Covered by the city hub page plus the national service page. Nothing city-specific to say about this service here.
meta ads expert,Chennai,mention_only,Doorway risk. Covered by the city hub page plus the national service page. Nothing city-specific to say about this service here.
social media marketing consultant,Chennai,mention_only,Doorway risk. Covered by the city hub page plus the national service page. Nothing city-specific to say about this service here.
content marketing consultant,Chennai,mention_only,Doorway risk. Covered by the city hub page plus the national service page. Nothing city-specific to say about this service here.
lead generation consultant,Chennai,mention_only,Doorway risk. Covered by the city hub page plus the national service page. Nothing city-specific to say about this service here.
local seo services,Chennai,mention_only,Doorway risk. Covered by the city hub page plus the national service page. Nothing city-specific to say about this service here.
digital marketing consultant,Pune,dedicated_page,One hub page per city. Organic only. No GBP listing without a real address there.
seo consultant,Pune,mention_only,Doorway risk. Covered by the city hub page plus the national service page. Nothing city-specific to say about this service here.
performance marketing consultant,Pune,mention_only,Doorway risk. Covered by the city hub page plus the national service page. Nothing city-specific to say about this service here.
google ads expert,Pune,mention_only,Doorway risk. Covered by the city hub page plus the national service page. Nothing city-specific to say about this service here.
meta ads expert,Pune,mention_only,Doorway risk. Covered by the city hub page plus the national service page. Nothing city-specific to say about this service here.
social media marketing consultant,Pune,mention_only,Doorway risk. Covered by the city hub page plus the national service page. Nothing city-specific to say about this service here.
content marketing consultant,Pune,mention_only,Doorway risk. Covered by the city hub page plus the national service page. Nothing city-specific to say about this service here.
lead generation consultant,Pune,mention_only,Doorway risk. Covered by the city hub page plus the national service page. Nothing city-specific to say about this service here.
local seo services,Pune,mention_only,Doorway risk. Covered by the city hub page plus the national service page. Nothing city-specific to say about this service here.
digital marketing consultant,Kolkata,dedicated_page,One hub page per city. Organic only. No GBP listing without a real address there.
seo consultant,Kolkata,mention_only,Doorway risk. Covered by the city hub page plus the national service page. Nothing city-specific to say about this service here.
performance marketing consultant,Kolkata,mention_only,Doorway risk. Covered by the city hub page plus the national service page. Nothing city-specific to say about this service here.
google ads expert,Kolkata,mention_only,Doorway risk. Covered by the city hub page plus the national service page. Nothing city-specific to say about this service here.
meta ads expert,Kolkata,mention_only,Doorway risk. Covered by the city hub page plus the national service page. Nothing city-specific to say about this service here.
social media marketing consultant,Kolkata,mention_only,Doorway risk. Covered by the city hub page plus the national service page. Nothing city-specific to say about this service here.
content marketing consultant,Kolkata,mention_only,Doorway risk. Covered by the city hub page plus the national service page. Nothing city-specific to say about this service here.
lead generation consultant,Kolkata,mention_only,Doorway risk. Covered by the city hub page plus the national service page. Nothing city-specific to say about this service here.
local seo services,Kolkata,mention_only,Doorway risk. Covered by the city hub page plus the national service page. Nothing city-specific to say about this service here.
digital marketing consultant,Ahmedabad,dedicated_page,One hub page per city. Organic only. No GBP listing without a real address there.
seo consultant,Ahmedabad,mention_only,Doorway risk. Covered by the city hub page plus the national service page. Nothing city-specific to say about this service here.
performance marketing consultant,Ahmedabad,mention_only,Doorway risk. Covered by the city hub page plus the national service page. Nothing city-specific to say about this service here.
google ads expert,Ahmedabad,mention_only,Doorway risk. Covered by the city hub page plus the national service page. Nothing city-specific to say about this service here.
meta ads expert,Ahmedabad,mention_only,Doorway risk. Covered by the city hub page plus the national service page. Nothing city-specific to say about this service here.
social media marketing consultant,Ahmedabad,mention_only,Doorway risk. Covered by the city hub page plus the national service page. Nothing city-specific to say about this service here.
content marketing consultant,Ahmedabad,mention_only,Doorway risk. Covered by the city hub page plus the national service page. Nothing city-specific to say about this service here.
lead generation consultant,Ahmedabad,mention_only,Doorway risk. Covered by the city hub page plus the national service page. Nothing city-specific to say about this service here.
local seo services,Ahmedabad,mention_only,Doorway risk. Covered by the city hub page plus the national service page. Nothing city-specific to say about this service here.
